Date,Heart Rate (average),Sleep (sum),Sleep (Core) (sum),Steps (sum),Weight (Most Recent) (most recent),Sleep (REM) (sum),Sleep (Asleep) (sum),Sleep (Deep) (sum)
,491,240,183,1220,165,173,88,179
1/1/22,,,,,,,,
1/2/22,,,,,,,,
1/3/22,,,,,,,,
1/4/22,,,,,,,,
1/5/22,,,,,,,,
1/6/22,,,,,,,,
1/7/22,,,,,,,,
1/8/22,,,,,,,,
1/9/22,,,,,,,,
1/10/22,,,,,,,,
1/11/22,,,,,,,,
1/12/22,,,,196,,,,
1/13/22,,,,,,,,
1/14/22,,,,,,,,
1/15/22,,,,,,,,
1/16/22,,,,,,,,
1/17/22,,,,,,,,
1/18/22,,,,,,,,
1/19/22,,,,,,,,
1/20/22,,,,,,,,
1/21/22,,,,,,,,
1/22/22,,,,,,,,
1/23/22,,,,,,,,
1/24/22,,,,,,,,
1/25/22,,,,,,,,
1/26/22,,,,,,,,
1/27/22,,,,,,,,
1/28/22,,,,,,,,
1/29/22,,,,,,,,
1/30/22,,,,,,,,
1/31/22,,,,,,,,
2/1/22,,,,,,,,
2/2/22,,,,,,,,
2/3/22,,,,,,,,
2/4/22,,,,,,,,
2/5/22,,,,,,,,
2/6/22,,,,,,,,
2/7/22,,,,,,,,
2/8/22,,,,,,,,
2/9/22,,,,,,,,
2/10/22,,,,,,,,
2/11/22,,,,,,,,
2/12/22,,,,,,,,
2/13/22,,,,11,,,,
2/14/22,,,,,,,,
2/15/22,,,,,,,,
2/16/22,,,,,,,,
2/17/22,,,,,,,,
2/18/22,,,,,,,,
2/19/22,,,,,,,,
2/20/22,,,,,,,,
2/21/22,,,,,,,,
2/22/22,,,,,,,,
2/23/22,,,,,,,,
2/24/22,,,,,,,,
2/25/22,,,,,,,,
2/26/22,,,,,,,,
2/27/22,,,,,,,,
2/28/22,,,,,,,,
3/1/22,,,,,,,,
3/2/22,,,,,,,,
3/3/22,,,,,,,,
3/4/22,,,,,,,,
3/5/22,,,,,,,,
3/6/22,,,,,,,,
3/7/22,,,,,,,,
3/8/22,,,,,,,,
3/9/22,,,,,,,,
3/10/22,,,,,,,,
3/11/22,,,,,,,,
3/12/22,,,,,,,,
3/13/22,,,,,,,,
3/14/22,,,,,,,,
3/15/22,,,,,,,,
3/16/22,,,,,,,,
3/17/22,,,,,,,,
3/18/22,,,,,,,,
3/19/22,,,,,,,,
3/20/22,,,,,,,,
3/21/22,,,,,,,,
3/22/22,,,,,,,,
3/23/22,,,,,,,,
3/24/22,,,,,,,,
3/25/22,,,,,,,,
3/26/22,,,,,,,,
3/27/22,,,,,,,,
3/28/22,,,,,,,,
3/29/22,,,,,,,,
3/30/22,,,,,,,,
3/31/22,,,,,,,,
4/1/22,,,,,,,,
4/2/22,,,,,,,,
4/3/22,,,,,,,,
4/4/22,,,,,,,,
4/5/22,,,,,,,,
4/6/22,,,,,,,,
4/7/22,,,,,,,,
4/8/22,,,,,,,,
4/9/22,,,,,,,,
4/10/22,,,,,,,,
4/11/22,,,,,,,,
4/12/22,,,,,,,,
4/13/22,,,,,,,,
4/14/22,,,,,,,,
4/15/22,,,,,,,,
4/16/22,,,,,,,,
4/17/22,,,,,,,,
4/18/22,,,,,,,,
4/19/22,,,,,,,,
4/20/22,,,,,,,,
4/21/22,,,,,,,,
4/22/22,,,,,,,,
4/23/22,,,,,,,,
4/24/22,,,,,,,,
4/25/22,,,,,,,,
4/26/22,,,,,,,,
4/27/22,,,,,,,,
4/28/22,,,,,,,,
4/29/22,,,,,,,,
4/30/22,,,,,,,,
5/1/22,,,,,,,,
5/2/22,,,,,,,,
5/3/22,,,,,,,,
5/4/22,,,,,,,,
5/5/22,,,,,,,,
5/6/22,,,,,,,,
5/7/22,,,,,,,,
5/8/22,,,,,,,,
5/9/22,,,,,,,,
5/10/22,,,,,,,,
5/11/22,,,,,,,,
5/12/22,,,,,,,,
5/13/22,,,,,,,,
5/14/22,,,,,,,,
5/15/22,,,,,,,,
5/16/22,,,,,,,,
5/17/22,,,,,,,,
5/18/22,,,,,,,,
5/19/22,,,,,,,,
5/20/22,,,,,,,,
5/21/22,,,,,,,,
5/22/22,,,,,,,,
5/23/22,,,,,,,,
5/24/22,,,,,,,,
5/25/22,,,,,,,,
5/26/22,,,,,,,,
5/27/22,,,,,,,,
5/28/22,,,,,,,,
5/29/22,,,,,,,,
5/30/22,,,,,,,,
5/31/22,,,,,,,,
6/1/22,,,,,,,,
6/2/22,,,,,,,,
6/3/22,,,,,,,,
6/4/22,,,,,,,,
6/5/22,,,,,,,,
6/6/22,,,,,,,,
6/7/22,,,,,,,,
6/8/22,,,,,,,,
6/9/22,,,,,,,,
6/10/22,,,,,,,,
6/11/22,,,,,,,,
6/12/22,,,,,,,,
6/13/22,,,,,,,,
6/14/22,,,,,,,,
6/15/22,,,,,,,,
6/16/22,,,,,,,,
6/17/22,,,,,,,,
6/18/22,,,,,,,,
6/19/22,,,,,,,,
6/20/22,,,,,,,,
6/21/22,,,,,,,,
6/22/22,,,,,,,,
6/23/22,,,,,,,,
6/24/22,,,,,,,,
6/25/22,,,,,,,,
6/26/22,,,,,,,,
6/27/22,,,,,,,,
6/28/22,,,,,,,,
6/29/22,,,,,,,,
6/30/22,,,,,,,,
7/1/22,,,,,,,,
7/2/22,,,,,,,,
7/3/22,,,,,,,,
7/4/22,,,,,,,,
7/5/22,,,,,,,,
7/6/22,,,,,,,,
7/7/22,,,,,,,,
7/8/22,,,,,,,,
7/9/22,,,,,,,,
7/10/22,,,,,,,,
7/11/22,,,,,,,,
7/12/22,,,,,,,,
7/13/22,,,,,,,,
7/14/22,,,,,,,,
7/15/22,,,,,,,,
7/16/22,,,,,,,,
7/17/22,,,,,,,,
7/18/22,,,,,,,,
7/19/22,,,,,,,,
7/20/22,,,,,,,,
7/21/22,,,,,,,,
7/22/22,,,,,,,,
7/23/22,,,,,,,,
7/24/22,,,,10,,,,
7/25/22,,,,,,,,
7/26/22,,,,,,,,
7/27/22,,,,,,,,
7/28/22,,,,,,,,
7/29/22,,,,,,,,
7/30/22,,,,,,,,
7/31/22,,,,342,,,,
8/1/22,,,,237,,,,
8/2/22,,,,,,,,
8/3/22,,,,195,,,,
8/4/22,,,,2201,,,,
8/5/22,,,,1584,,,,
8/6/22,,,,585,,,,
8/7/22,,,,1422,,,,
8/8/22,,,,332,,,,
8/9/22,,,,1587,,,,
8/10/22,,,,2040,,,,
8/11/22,,,,1952,,,,
8/12/22,,,,261,,,,
8/13/22,,,,,,,,
8/14/22,,,,,,,,
8/15/22,,,,,,,,
8/16/22,,,,,,,,
8/17/22,,,,,,,,
8/18/22,,,,,,,,
8/19/22,,,,,,,,
8/20/22,,,,,,,,
8/21/22,,,,,,,,
8/22/22,,,,,,,,
8/23/22,,,,,,,,
8/24/22,,,,,,,,
8/25/22,,,,,,,,
8/26/22,,,,,,,,
8/27/22,,,,,,,,
8/28/22,,,,,,,,
8/29/22,,,,,,,,
8/30/22,,,,,,,,
8/31/22,,,,,,,,
9/1/22,,,,,,,,
9/2/22,,,,,,,,
9/3/22,,,,,,,,
9/4/22,,,,,,,,
9/5/22,,,,,,,,
9/6/22,,,,,,,,
9/7/22,,,,,,,,
9/8/22,,,,,,,,
9/9/22,,,,,,,,
9/10/22,,,,,,,,
9/11/22,,,,,,,,
9/12/22,,,,,,,,
9/13/22,,,,,,,,
9/14/22,,,,,,,,
9/15/22,,,,,,,,
9/16/22,,,,,,,,
9/17/22,,,,,,,,
9/18/22,,,,,,,,
9/19/22,,,,,,,,
9/20/22,,,,,,,,
9/21/22,,,,,,,,
9/22/22,,,,,,,,
9/23/22,,,,,,,,
9/24/22,,,,,,,,
9/25/22,,,,,,,,
9/26/22,,,,,,,,
9/27/22,,,,,,,,
9/28/22,,,,,,,,
9/29/22,,,,,,,,
9/30/22,,,,,,,,
10/1/22,,,,,,,,
10/2/22,,,,,,,,
10/3/22,,,,,,,,
10/4/22,,,,,,,,
10/5/22,,,,,,,,
10/6/22,,,,,,,,
10/7/22,,,,,,,,
10/8/22,,,,,,,,
10/9/22,,,,,,,,
10/10/22,,,,,,,,
10/11/22,,,,,,,,
10/12/22,,,,,,,,
10/13/22,,,,,,,,
10/14/22,,,,,,,,
10/15/22,,,,,,,,
10/16/22,,,,,,,,
10/17/22,,,,242,,,,
10/18/22,,,,,,,,
10/19/22,,,,,,,,
10/20/22,,,,,,,,
10/21/22,,,,,,,,
10/22/22,,,,,,,,
10/23/22,,,,,,,,
10/24/22,,,,,,,,
10/25/22,,,,,,,,
10/26/22,,,,2226,175,,,
10/27/22,,,,4919,,,,
10/28/22,,,,5449,,,,
10/29/22,,,,7891,,,,
10/30/22,,,,2045,180,,,
10/31/22,,,,7811,,,,
11/1/22,,,,4693,,,,
11/2/22,,,,2023,,,,
11/3/22,,,,3232,,,,
11/4/22,,,,4617,,,,
11/5/22,,,,6368,,,,
11/6/22,,,,4637,,,,
11/7/22,,,,8749,,,,
11/8/22,,,,5164,,,,
11/9/22,,,,3491,,,,
11/10/22,,,,1828,,,,
11/11/22,,,,4363,,,,
11/12/22,,,,7544,,,,
11/13/22,,,,1696,,,,
11/14/22,,,,5359,,,,
11/15/22,,,,4357,,,,
11/16/22,,,,19180,,,,
11/17/22,,,,3702,,,,
11/18/22,,,,5513,,,,
11/19/22,,,,6342,,,,
11/20/22,,,,2773,,,,
11/21/22,,,,2134,,,,
11/22/22,,,,5371,,,,
11/23/22,,,,7764,,,,
11/24/22,,,,4489,,,,
11/25/22,,,,8275,,,,
11/26/22,,,,7469,,,,
11/27/22,,,,2896,,,,
11/28/22,,,,10251,,,,
11/29/22,,,,1920,,,,
11/30/22,,,,6896,,,,
12/1/22,,,,4489,,,,
12/2/22,,,,2344,,,,
12/3/22,,,,17004,,,,
12/4/22,,,,2278,,,,
12/5/22,,,,4846,,,,
12/6/22,,,,3586,,,,
12/7/22,,,,4259,,,,
12/8/22,,,,3353,,,,
12/9/22,,,,2416,,,,
12/10/22,,,,8048,,,,
12/11/22,,,,3784,,,,
12/12/22,,,,2631,,,,
12/13/22,,,,6378,,,,
12/14/22,,,,4285,,,,
12/15/22,,,,7965,,,,
12/16/22,,,,7717,,,,
12/17/22,,,,14529,,,,
12/18/22,,,,9945,,,,
12/19/22,,,,13918,,,,
12/20/22,,,,7497,,,,
12/21/22,,,,15087,,,,
12/22/22,,,,12162,,,,
12/23/22,,,,6977,,,,
12/24/22,,,,7269,,,,
12/25/22,,,,6791,,,,
12/26/22,,,,2164,,,,
12/27/22,,,,3230,,,,
12/28/22,,,,4149,,,,
12/29/22,,,,9896,,,,
12/30/22,,,,2275,,,,
12/31/22,,,,4655,,,,
1/1/23,,,,2577,,,,
1/2/23,,,,3823,,,,
1/3/23,,,,1332,,,,
1/4/23,,,,3303,,,,
1/5/23,,,,4570,,,,
1/6/23,,,,1317,,,,
1/7/23,,,,4311,,,,
1/8/23,,,,5695,,,,
1/9/23,,,,1419,,,,
1/10/23,,,,2020,,,,
1/11/23,,,,637,,,,
1/12/23,,,,2412,,,,
1/13/23,,,,3243,,,,
1/14/23,,,,1280,,,,
1/15/23,,,,4012,,,,
1/16/23,,,,1654,,,,
1/17/23,,,,1275,,,,
1/18/23,,,,3776,,,,
1/19/23,,,,1865,,,,
1/20/23,,,,1716,,,,
1/21/23,,,,6530,,,,
1/22/23,,,,3061,,,,
1/23/23,,,,2289,,,,
1/24/23,,,,2468,,,,
1/25/23,,,,776,,,,
1/26/23,,,,5587,,,,
1/27/23,,,,5337,,,,
1/28/23,,,,848,,,,
1/29/23,,,,3998,,,,
1/30/23,,,,2134,,,,
1/31/23,,,,1913,,,,
2/1/23,,,,3179,,,,
2/2/23,,,,3826,,,,
2/3/23,,,,4235,,,,
2/4/23,,,,3107,,,,
2/5/23,,,,3043,,,,
2/6/23,,,,2504,,,,
2/7/23,,,,3277,,,,
2/8/23,,,,2605,,,,
2/9/23,,,,729,,,,
2/10/23,,,,11812,,,,
2/11/23,,,,8726,,,,
2/12/23,,,,1870,,,,
2/13/23,,,,5473,,,,
2/14/23,,,,6219,,,,
2/15/23,,,,6300,,,,
2/16/23,,,,2065,,,,
2/17/23,,,,2625,,,,
2/18/23,,,,2274,,,,
2/19/23,,,,4044,,,,
2/20/23,,,,830,,,,
2/21/23,,,,5188,,,,
2/22/23,,,,11199,,,,
2/23/23,,,,2774,,,,
2/24/23,,,,3441,,,,
2/25/23,,,,1761,,,,
2/26/23,,,,3318,,,,
2/27/23,,,,2944,,,,
2/28/23,,,,4817,,,,
3/1/23,,,,3334,,,,
3/2/23,,,,2725,,,,
3/3/23,,,,1727,,,,
3/4/23,,,,1126,,,,
3/5/23,,,,2255,,,,
3/6/23,,,,7166,,,,
3/7/23,,,,1965,,,,
3/8/23,,,,9804,,,,
3/9/23,,,,6690,,,,
3/10/23,,,,2288,,,,
3/11/23,,,,1547,,,,
3/12/23,,,,3196,,,,
3/13/23,,,,4172,,,,
3/14/23,,,,3570,,,,
3/15/23,,,,4070,,,,
3/16/23,,,,4030,,,,
3/17/23,,,,3278,,,,
3/18/23,,,,3226,,,,
3/19/23,,,,5481,,,,
3/20/23,,,,5387,,,,
3/21/23,,,,2134,,,,
3/22/23,,,,3380,,,,
3/23/23,,,,3819,,,,
3/24/23,,,,3170,,,,
3/25/23,,,,3985,,,,
3/26/23,,,,3748,,,,
3/27/23,,,,5526,,,,
3/28/23,,,,1792,,,,
3/29/23,,,,2109,,,,
3/30/23,,,,3011,,,,
3/31/23,,,,2999,180,,,
4/1/23,,,,2427,,,,
4/2/23,,,,1125,,,,
4/3/23,,,,3075,,,,
4/4/23,,,,1189,,,,
4/5/23,,,,2486,,,,
4/6/23,,,,4338,,,,
4/7/23,,,,6906,168,,,
4/8/23,,,,12909,,,,
4/9/23,,,,3441,,,,
4/10/23,,,,11605,,,,
4/11/23,,,,10426,,,,
4/12/23,,,,2339,,,,
4/13/23,,,,4112,,,,
4/14/23,,,,9275,,,,
4/15/23,,,,12431,,,,
4/16/23,,,,10672,,,,
4/17/23,,,,2752,,,,
4/18/23,,,,7028,,,,
4/19/23,,,,5591,,,,
4/20/23,,,,4170,,,,
4/21/23,,,,2091,,,,
4/22/23,,,,8393,,,,
4/23/23,,,,7764,,,,
4/24/23,,,,1799,,,,
4/25/23,,,,5465,,,,
4/26/23,,,,4953,,,,
4/27/23,,,,5257,,,,
4/28/23,,,,8998,,,,
4/29/23,,,,8179,,,,
4/30/23,,,,12495,,,,
5/1/23,,,,15663,,,,
5/2/23,,,,8882,,,,
5/3/23,,,,5307,,,,
5/4/23,,,,7171,,,,
5/5/23,,,,5177,,,,
5/6/23,,,,6497,,,,
5/7/23,,,,8532,,,,
5/8/23,,,,6732,,,,
5/9/23,,,,4527,,,,
5/10/23,,,,6249,,,,
5/11/23,,,,4720,,,,
5/12/23,,,,5506,,,,
5/13/23,,,,6760,,,,
5/14/23,,,,11743,,,,
5/15/23,,,,5531,,,,
5/16/23,,,,6305,,,,
5/17/23,,,,5754,,,,
5/18/23,,,,4530,,,,
5/19/23,,,,4231,,,,
5/20/23,,,,4903,,,,
5/21/23,,,,3652,,,,
5/22/23,,,,6520,,,,
5/23/23,,,,4788,,,,
5/24/23,,,,2279,,,,
5/25/23,,,,4194,,,,
5/26/23,,,,3486,,,,
5/27/23,,,,5072,,,,
5/28/23,,,,7288,,,,
5/29/23,,,,6661,,,,
5/30/23,,,,4578,,,,
5/31/23,,,,3295,,,,
6/1/23,,,,3329,159,,,
6/2/23,,,,4336,157.9,,,
6/3/23,,,,5472,,,,
6/4/23,,,,14707,,,,
6/5/23,,,,5102,161.2,,,
6/6/23,,,,2052,,,,
6/7/23,,,,2801,158.1,,,
6/8/23,,,,1503,159.2,,,
6/9/23,,,,2325,,,,
6/10/23,,,,3828,,,,
6/11/23,,,,2344,,,,
6/12/23,,,,5876,160.9,,,
6/13/23,,,,3899,162.5,,,
6/14/23,,,,3791,160.9,,,
6/15/23,,,,4912,159.8,,,
6/16/23,,,,4236,160.1,,,
6/17/23,,,,5651,157.2,,,
6/18/23,,,,5761,,,,
6/19/23,,,,1705,,,,
6/20/23,,,,3378,,,,
6/21/23,,,,4726,,,,
6/22/23,,,,5625,,,,
6/23/23,,,,3210,,,,
6/24/23,,,,5132,,,,
6/25/23,,,,2400,,,,
6/26/23,,,,2190,,,,
6/27/23,,,,5157,,,,
6/28/23,,,,1923,,,,
6/29/23,,,,5561,,,,
6/30/23,,,,7886,,,,
7/1/23,,,,10108,,,,
7/2/23,,,,7531,,,,
7/3/23,,,,6044,,,,
7/4/23,,,,5312,,,,
7/5/23,,,,4768,,,,
7/6/23,83.2,,,5947,,,,
7/7/23,,,,9491,,,,
7/8/23,,,,7232,,,,
7/9/23,,,,1462,,,,
7/10/23,,,,4031,,,,
7/11/23,,,,3329,,,,
7/12/23,,,,4424,,,,
7/13/23,,,,3214,,,,
7/14/23,,,,4119,,,,
7/15/23,,,,5588,,,,
7/16/23,,,,5777,,,,
7/17/23,,,,3729,,,,
7/18/23,,,,322,,,,
7/19/23,,,,6007,,,,
7/20/23,,,,7819,,,,
7/21/23,,,,13044,,,,
7/22/23,,,,4158,,,,
7/23/23,,,,18506,168.8,,,
7/24/23,,,,3694,167.1,,,
7/25/23,,,,4575,,,,
7/26/23,,,,7067,164.9,,,
7/27/23,,,,4306,166,,,
7/28/23,,,,2892,,,,
7/29/23,,,,5373,164.4,,,
7/30/23,,,,6110,,,,
7/31/23,,,,4024,164.2,,,
8/1/23,,,,4250,,,,
8/2/23,,,,5492,,,,
8/3/23,,,,4915,163.8,,,
8/4/23,,,,3499,,,,
8/5/23,,,,5061,163.3,,,
8/6/23,,,,6185,,,,
8/7/23,,,,2483,167.5,,,
8/8/23,,,,4841,,,,
8/9/23,,,,3185,,,,
8/10/23,,,,3799,163.5,,,
8/11/23,,,,2930,,,,
8/12/23,,,,2870,160.9,,,
8/13/23,,,,2857,,,,
8/14/23,,,,3646,160.7,,,
8/15/23,,,,7385,163.1,,,
8/16/23,,,,2972,,,,
8/17/23,,,,2474,164.4,,,
8/18/23,,,,2840,163.8,,,
8/19/23,,,,2651,166.2,,,
8/20/23,,,,2951,,,,
8/21/23,,,,2204,,,,
8/22/23,,,,3949,170.6,,,
8/23/23,,,,4386,169.3,,,
8/24/23,,,,1917,,,,
8/25/23,,,,13372,167.7,,,
8/26/23,,,,8962,,,,
8/27/23,,,,6420,,,,
8/28/23,,,,14517,,,,
8/29/23,,,,4490,,,,
8/30/23,,,,2478,,,,
8/31/23,,,,2321,,,,
9/1/23,,,,7262,162.2,,,
9/2/23,,,,4024,,,,
9/3/23,,,,4772,,,,
9/4/23,,,,5518,,,,
9/5/23,,,,13157,,,,
9/6/23,,,,9169,,,,
9/7/23,,,,15933,,,,
9/8/23,,,,13623,,,,
9/9/23,,,,6630,,,,
9/10/23,,,,2106,,,,
9/11/23,,,,6476,,,,
9/12/23,,,,6439,,,,
9/13/23,,,,5485,,,,
9/14/23,,,,5231,,,,
9/15/23,,,,6481,,,,
9/16/23,,,,25714,,,,
9/17/23,,,,1961,,,,
9/18/23,,,,4692,164.7,,,
9/19/23,,,,4697,,,,
9/20/23,,,,3908,,,,
9/21/23,,,,3522,,,,
9/22/23,,,,1579,,,,
9/23/23,,,,1892,165,,,
9/24/23,,,,2376,166,,,
9/25/23,,,,4465,,,,
9/26/23,,,,6344,164.9,,,
9/27/23,,,,4915,,,,
9/28/23,,,,5875,,,,
9/29/23,,,,4208,,,,
9/30/23,,,,2957,,,,
10/1/23,,,,4222,,,,
10/2/23,,,,2520,,,,
10/3/23,71.7,,,5466,166,,,
10/4/23,70.6,,,4783,,,,
10/5/23,80.1,,,3771,,,,
10/6/23,,,,2152,,,,
10/7/23,,,,2110,,,,
10/8/23,92,,,4504,,,,
10/9/23,,,,2829,,,,
10/10/23,,,,4988,,,,
10/11/23,,,,2441,,,,
10/12/23,,,,6113,,,,
10/13/23,,,,7079,,,,
10/14/23,,,,7983,,,,
10/15/23,,,,3939,,,,
10/16/23,,,,3177,,,,
10/17/23,,,,4692,,,,
10/18/23,,,,3932,,,,
10/19/23,,,,4970,,,,
10/20/23,,,,4781,,,,
10/21/23,,,,2018,,,,
10/22/23,,,,3615,166,,,
10/23/23,,,,4395,168,,,
10/24/23,,,,6508,166,,,
10/25/23,,,,5092,170,,,
10/26/23,,,,4707,168,,,
10/27/23,,,,5950,,,,
10/28/23,,,,3266,166.5,,,
10/29/23,,,,1608,,,,
10/30/23,,,,7366,,,,
10/31/23,,,,2304,169.3,,,
11/1/23,,,,3205,,,,
11/2/23,,,,3948,165.8,,,
11/3/23,78.1,,,7053,,,,
11/4/23,64,,,5139,166.3,,,
11/5/23,,,,2595,165.7,,,
11/6/23,,,,4784,,,,
11/7/23,74.3,,,4620,166,,,
11/8/23,89.5,,,3580,,,,
11/9/23,70.8,,,6183,,,,
11/10/23,64,,,14860,,,,
11/11/23,,,,1335,,,,
11/12/23,,,,957,,,,
11/13/23,77.1,,,9129,166.5,,,
11/14/23,80.6,,,4955,,,,
11/15/23,81.4,,,7246,166.7,,,
11/16/23,78.4,,,3150,164.7,,,
11/17/23,77.9,,,12706,162.3,,,
11/18/23,80.3,,,3695,,,,
11/19/23,,,,817,167.7,,,
11/20/23,,,,1643,,,,
11/21/23,84.1,,,5030,,,,
11/22/23,75.3,,,9085,,,,
11/23/23,,,,7529,,,,
11/24/23,,,,4729,,,,
11/25/23,,,,3680,,,,
11/26/23,,,,7665,,,,
11/27/23,86.9,,,5842,172.6,,,
11/28/23,89.3,,,5958,168.9,,,
11/29/23,81.9,,,5905,,,,
11/30/23,85.3,,,9670,167.8,,,
12/1/23,77.5,,,4325,166.9,,,
12/2/23,73.1,,,7530,169.4,,,
12/3/23,,,,6971,168.3,,,
12/4/23,,,,2212,168.9,,,
12/5/23,,,,2857,169.4,,,
12/6/23,,,,3274,,,,
12/7/23,80.4,,,2535,170.4,,,
12/8/23,86,,,2557,169.4,,,
12/9/23,,,,2730,167.3,,,
12/10/23,,,,3973,,,,
12/11/23,,,,1869,,,,
12/12/23,,,,888,,,,
12/13/23,,,,1121,,,,
12/14/23,,,,1543,,,,
12/15/23,,,,5135,,,,
12/16/23,,,,5083,,,,
12/17/23,,,,2761,,,,
12/18/23,,,,12739,173,,,
12/19/23,,,,4275,,,,
12/20/23,,,,3285,,,,
12/21/23,,,,7589,,,,
12/22/23,,,,7016,,,,
12/23/23,,,,4970,,,,
12/24/23,,,,8329,,,,
12/25/23,,,,1007,180,,,
12/26/23,,,,7512,,,,
12/27/23,,,,2454,,,,
12/28/23,,,,3497,,,,
12/29/23,,,,4299,,,,
12/30/23,,,,5606,,,,
12/31/23,,,,3649,,,,
1/1/24,,,,6916,,,,
1/2/24,,,,5123,,,,
1/3/24,,,,6628,,,,
1/4/24,,,,4818,,,,
1/5/24,,,,3639,,,,
1/6/24,,,,4875,,,,
1/7/24,,,,5440,,,,
1/8/24,,,,7843,,,,
1/9/24,,,,9368,,,,
1/10/24,,,,7407,,,,
1/11/24,,,,6004,,,,
1/12/24,,,,5095,,,,
1/13/24,,,,3621,,,,
1/14/24,,,,2531,,,,
1/15/24,,,,5190,,,,
1/16/24,,,,6686,,,,
1/17/24,,,,7583,,,,
1/18/24,,,,6250,,,,
1/19/24,,,,6828,,,,
1/20/24,,,,4952,,,,
1/21/24,,,,305,,,,
1/22/24,,,,3089,,,,
1/23/24,,,,3315,,,,
1/24/24,,,,3167,,,,
1/25/24,,,,3126,,,,
1/26/24,,,,3466,,,,
1/27/24,,,,2076,,,,
1/28/24,,,,2915,,,,
1/29/24,,,,583,,,,
1/30/24,,,,753,,,,
1/31/24,,,,2240,,,,
2/1/24,,,,704,,,,
2/2/24,,,,3402,,,,
2/3/24,,,,1936,,,,
2/4/24,,,,1399,,,,
2/5/24,,,,3464,,,,
2/6/24,,,,3463,,,,
2/7/24,,,,1675,,,,
2/8/24,,,,2317,,,,
2/9/24,,,,1723,,,,
2/10/24,,,,452,,,,
2/11/24,,,,3684,,,,
2/12/24,,,,2561,,,,
2/13/24,,,,1319,165.8,,,
2/14/24,,,,2616,164.6,,,
2/15/24,,,,1327,162,,,
2/16/24,,,,2306,162.8,,,
2/17/24,,,,1938,163.4,,,
2/18/24,,,,181,,,,
2/19/24,,,,273,,,,
2/20/24,,,,751,163.2,,,
2/21/24,,,,2046,,,,
2/22/24,,,,1978,163.6,,,
2/23/24,,,,1457,162.1,,,
2/24/24,,,,12925,161.2,,,
2/25/24,,,,898,,,,
2/26/24,,,,3585,165.8,,,
2/27/24,,,,1075,,,,
2/28/24,,,,1437,158.6,,,
2/29/24,,,,4347,159.9,,,
3/1/24,,,,1746,160.8,,,
3/2/24,,,,537,,,,
3/3/24,,,,420,161.3,,,
3/4/24,,,,2601,,,,
3/5/24,,,,6927,160,,,
3/6/24,,,,2383,160.8,,,
3/7/24,,,,1698,159.6,,,
3/8/24,,,,1807,158.8,,,
3/9/24,,,,1274,158.6,,,
3/10/24,,,,332,,,,
3/11/24,,,,2504,,,,
3/12/24,,,,1211,,,,
3/13/24,,,,2126,160.7,,,
3/14/24,,,,1214,161.4,,,
3/15/24,,,,1316,158.8,,,
3/16/24,,,,745,,,,
3/17/24,,,,1191,,,,
3/18/24,,,,1436,,,,
3/19/24,,,,1055,,,,
3/20/24,,,,1527,,,,
3/21/24,,,,2329,,,,
3/22/24,,,,1386,,,,
3/23/24,,,,644,,,,
3/24/24,,,,1758,,,,
3/25/24,,,,1984,,,,
3/26/24,,,,1807,156,,,
3/27/24,,,,3455,,,,
3/28/24,,,,1473,159.3,,,
3/29/24,,,,4014,161.3,,,
3/30/24,,,,271,,,,
3/31/24,,,,338,,,,
4/1/24,,,,1894,,,,
4/2/24,,,,2569,162.2,,,
4/3/24,,,,2831,,,,
4/4/24,,,,2211,,,,
4/5/24,,,,3055,,,,
4/6/24,,,,208,,,,
4/7/24,,,,152,,,,
4/8/24,,,,2659,166.4,,,
4/9/24,,,,2150,,,,
4/10/24,,,,2041,,,,
4/11/24,,,,8035,,,,
4/12/24,,,,5664,,,,
4/13/24,,,,8177,,,,
4/14/24,,,,5116,,,,
4/15/24,,,,7867,,,,
4/16/24,,,,1229,,,,
4/17/24,,,,6746,,,,
4/18/24,,,,6362,,,,
4/19/24,,,,2525,,,,
4/20/24,,,,14245,,,,
4/21/24,,,,2172,,,,
4/22/24,,,,9523,,,,
4/23/24,90.2,,,3915,,,,
4/24/24,84.2,,,6289,165.5,,,
4/25/24,84.5,,,4324,,,,
4/26/24,,,,6662,,,,
4/27/24,80.6,,,6855,,,,
4/28/24,,,,4113,,,,
4/29/24,78.2,,,2379,,,,
4/30/24,81.7,,,3754,,,,
5/1/24,80.2,,,5858,,,,
5/2/24,87.4,,,4329,,,,
5/3/24,79.1,,,4837,,,,
5/4/24,,,,3271,,,,
5/5/24,,,,5269,,,,
5/6/24,,,,1874,,,,
5/7/24,84,,,5463,,,,
5/8/24,,,,1760,,,,
5/9/24,81.2,,,3970,,,,
5/10/24,,,,2304,162.6,,,
5/11/24,89.5,,,5663,,,,
5/12/24,104.5,,,10163,,,,
5/13/24,,,,4141,,,,
5/14/24,,,,2246,,,,
5/15/24,86.7,,,4530,,,,
5/16/24,85.8,,,9095,,,,
5/17/24,84.3,,,8185,,,,
5/18/24,83.5,,,5083,,,,
5/19/24,,,,3481,,,,
5/20/24,76.3,,,3983,,,,
5/21/24,74.6,,,3991,,,,
5/22/24,90.8,,,5658,,,,
5/23/24,,,,5291,,,,
5/24/24,,,,8560,,,,
5/25/24,93.4,,,14231,,,,
5/26/24,,,,5426,,,,
5/27/24,,,,4997,,,,
5/28/24,85.7,,,10809,,,,
5/29/24,,,,6839,,,,
5/30/24,,,,9019,,,,
5/31/24,78.4,,,11332,,,,
6/1/24,74,,,7308,,,,
6/2/24,,,,3967,,,,
6/3/24,,,,189,,,,
6/4/24,,,,1169,,,,
6/5/24,,,,3185,164,,,
6/6/24,,,,3149,,,,
6/7/24,82.2,,,5784,,,,
6/8/24,75.1,,,5767,,,,
6/9/24,110.4,,,3638,,,,
6/10/24,79,,,6944,,,,
6/11/24,88,,,5031,,,,
6/12/24,85.7,,,5453,,,,
6/13/24,82.3,,,3465,,,,
6/14/24,87.8,,,4413,,,,
6/15/24,80.6,,,10501,,,,
6/16/24,89,,,4286,,,,
6/17/24,,,,57,,,,
6/18/24,85.4,,,4767,,,,
6/19/24,83.9,,,5796,,,,
6/20/24,,,,797,,,,
6/21/24,,,,1614,,,,
6/22/24,68.6,,,3941,,,,
6/23/24,,,,3701,,,,
6/24/24,,,,2726,,,,
6/25/24,84.1,,,4273,,,,
6/26/24,81.1,,,4801,,,,
6/27/24,79.1,,,4682,,,,
6/28/24,84.9,,,4922,,,,
6/29/24,72.6,,,4236,,,,
6/30/24,,,,5966,,,,
7/1/24,75,,,6929,,,,
7/2/24,80.4,,,3711,,,,
7/3/24,88.9,,,6513,166.8,,,
7/4/24,,,,3026,,,,
7/5/24,,,,2526,,,,
7/6/24,,,,2327,,,,
7/7/24,,,,1771,,,,
7/8/24,78.6,,,4125,,,,
7/9/24,,,,3430,,,,
7/10/24,74.4,,,5629,,,,
7/11/24,91.7,,,1221,,,,
7/12/24,87.2,,,4048,,,,
7/13/24,86.8,,,6236,,,,
7/14/24,122.5,,,5850,,,,
7/15/24,,,,12236,,,,
7/16/24,,,,3633,,,,
7/17/24,,,,14449,,,,
7/18/24,,,,21158,159.8,,,
7/19/24,,,,14051,,,,
7/20/24,,,,1017,,,,
7/21/24,,,,1700,,,,
7/22/24,,,,14852,164.2,,,
7/23/24,,,,10137,,,,
7/24/24,,,,11377,,,,
7/25/24,,,,8686,,,,
7/26/24,,,,4073,,,,
7/27/24,,,,1235,,,,
7/28/24,,,,744,,,,
7/29/24,84.6,,,13043,,,,
7/30/24,94.8,,,13528,162,,,
7/31/24,,,,9170,,,,
8/1/24,84.7,,,18341,,,,
8/2/24,83,,,2225,,,,
8/3/24,,,,558,,,,
8/4/24,,,,1208,,,,
8/5/24,,,,16743,,,,
8/6/24,,,,21944,,,,
8/7/24,,,,16657,,,,
8/8/24,74.7,,,27159,,,,
8/9/24,79.7,,,24745,,,,
8/10/24,81.5,,,23386,,,,
8/11/24,,,,1679,,,,
8/12/24,71.7,,,15069,,,,
8/13/24,75.8,,,20449,,,,
8/14/24,89.2,,,20924,,,,
8/15/24,90.3,,,7988,,,,
8/16/24,82,,,20485,,,,
8/17/24,84.3,,,14383,,,,
8/18/24,70.1,,,4298,,,,
8/19/24,85.2,,,22588,,,,
8/20/24,99.7,,,14541,,,,
8/21/24,98.3,,,25612,,,,
8/22/24,71,,,19944,,,,
8/23/24,71.8,,,16669,,,,
8/24/24,89.4,,,20180,,,,
8/25/24,,,,6397,,,,
8/26/24,,,,4861,,,,
8/27/24,,,,18648,,,,
8/28/24,83.7,,,23567,,,,
8/29/24,75.9,,,13587,,,,
8/30/24,86.7,,,28064,,,,
8/31/24,75.9,,,10779,,,,
9/1/24,71.6,,,8039,,,,
9/2/24,94,,,19689,,,,
9/3/24,,,,6953,,,,
9/4/24,,,,2294,,,,
9/5/24,,,,3896,,,,
9/6/24,86.6,,,9549,,,,
9/7/24,,,,10070,,,,
9/8/24,,,,1629,,,,
9/9/24,,,,2780,,,,
9/10/24,,,,1850,,,,
9/11/24,,,,1984,,,,
9/12/24,,,,1444,,,,
9/13/24,77.6,,,12632,,,,
9/14/24,,,,16162,,,,
9/15/24,,,,5006,,,,
9/16/24,,,,4478,,,,
9/17/24,,,,2724,,,,
9/18/24,,,,3304,,,,
9/19/24,,,,2218,,,,
9/20/24,,,,3702,,,,
9/21/24,,,,663,,,,
9/22/24,,,,900,,,,
9/23/24,,,,4445,,,,
9/24/24,,,,1296,,,,
9/25/24,,,,2750,,,,
9/26/24,,,,1693,,,,
9/27/24,80.8,,,10224,,,,
9/28/24,70,,,2631,,,,
9/29/24,,,,4972,,,,
9/30/24,85.3,,,6346,,,,
10/1/24,77.8,,,2963,,,,
10/2/24,71.9,,,2674,,,,
10/3/24,,,,1838,,,,
10/4/24,79.7,,,9437,,,,
10/5/24,82,,,5020,,,,
10/6/24,,,,3027,,,,
10/7/24,,,,7112,,,,
10/8/24,,,,1076,,,,
10/9/24,,,,2528,,,,
10/10/24,,,,2121,,,,
10/11/24,,,,5235,,,,
10/12/24,,,,6098,,,,
10/13/24,,,,1725,,,,
10/14/24,,,,1088,,,,
10/15/24,76.9,,,2278,,,,
10/16/24,84.1,,,5137,,,,
10/17/24,80.5,,,3991,,,,
10/18/24,71.9,,,2644,,,,
10/19/24,,,,810,,,,
10/20/24,,,,815,,,,
10/21/24,,,,1620,,,,
10/22/24,82.6,,,7385,,,,
10/23/24,,,,1754,,,,
10/24/24,,,,763,,,,
10/25/24,80.9,,,3767,,,,
10/26/24,,,,1504,,,,
10/27/24,,,,702,,,,
10/28/24,,,,1760,,,,
10/29/24,,,,1109,,,,
10/30/24,,,,2757,,,,
10/31/24,,,,2804,,,,
11/1/24,,,,1909,,,,
11/2/24,,,,1143,,,,
11/3/24,,,,3721,,,,
11/4/24,,,,1451,,,,
11/5/24,,,,2327,,,,
11/6/24,,,,764,,,,
11/7/24,,,,1922,,,,
11/8/24,,,,1116,,,,
11/9/24,,,,2602,,,,
11/10/24,,,,1791,,,,
11/11/24,,,,1310,,,,
11/12/24,,,,725,,,,
11/13/24,,,,1479,,,,
11/14/24,,,,2976,,,,
11/15/24,,,,2235,,,,
11/16/24,,,,4221,,,,
11/17/24,,,,2574,,,,
11/18/24,,,,6017,,,,
11/19/24,,,,1704,,,,
11/20/24,,,,1881,,,,
11/21/24,,,,4084,,,,
11/22/24,,,,5528,,,,
11/23/24,,,,1849,,,,
11/24/24,,,,1501,,,,
11/25/24,,,,1723,,,,
11/26/24,,,,1399,,,,
11/27/24,,,,8094,,,,
11/28/24,,,,2909,,,,
11/29/24,,,,5207,,,,
11/30/24,,,,4253,,,,
12/1/24,,,,3868,,,,
12/2/24,,,,2160,,,,
12/3/24,,,,2869,,,,
12/4/24,,,,2090,,,,
12/5/24,,,,2871,,,,
12/6/24,,,,3531,,,,
12/7/24,,,,849,,,,
12/8/24,,,,156,,,,
12/9/24,,,,1587,,,,
12/10/24,,,,2947,,,,
12/11/24,,,,2586,,,,
12/12/24,,,,1089,,,,
12/13/24,,,,1633,,,,
12/14/24,,,,6314,,,,
12/15/24,,,,1770,,,,
12/16/24,,,,1538,,,,
12/17/24,,,,2953,,,,
12/18/24,,,,3647,,,,
12/19/24,,,,8306,,,,
12/20/24,,,,2286,,,,
12/21/24,,,,1062,,,,
12/22/24,,,,5258,,,,
12/23/24,,,,8454,,,,
12/24/24,,,,8752,,,,
12/25/24,,,,2938,,,,
12/26/24,,,,5264,,,,
12/27/24,,,,6895,,,,
12/28/24,,,,8785,,,,
12/29/24,,,,4802,,,,
12/30/24,,,,2410,,,,
12/31/24,,,,1365,,,,
1/1/25,,,,2544,,,,
1/2/25,,,,2340,,,,
1/3/25,,,,5469,,,,
1/4/25,,,,4317,,,,
1/5/25,,,,4472,,,,
1/6/25,,,,3618,,,,
1/7/25,,,,7355,,,,
1/8/25,,,,1967,,,,
1/9/25,,,,3201,,,,
1/10/25,,,,5188,,,,
1/11/25,,,,1347,,,,
1/12/25,,,,3379,,,,
1/13/25,,,,4435,,,,
1/14/25,,,,1960,,,,
1/15/25,,,,2556,,,,
1/16/25,,,,1028,,,,
1/17/25,,,,2347,,,,
1/18/25,,,,1956,,,,
1/19/25,,,,3084,,,,
1/20/25,,,,755,,,,
1/21/25,,,,2641,,,,
1/22/25,,,,3808,,,,
1/23/25,,,,3199,,,,
1/24/25,,,,4968,178.7,,,
1/25/25,,,,652,181.4,,,
1/26/25,,,,504,180.9,,,
1/27/25,,,,2211,,,,
1/28/25,,,,1720,,,,
1/29/25,,,,1276,178.5,,,
1/30/25,,,,849,180.3,,,
1/31/25,69,,,2275,,,,
2/1/25,76.9,4.1,,4823,180.1,,4.1,
2/2/25,77.8,3.5,2.5,7624,,0.5,,0.5
2/3/25,90.6,1.9,,6144,,,1.9,
2/4/25,69,6.7,4.8,2279,,0.3,1.2,0.4
2/5/25,77.6,7,5,3064,,1.4,,0.6
2/6/25,87.7,4.7,3.5,4622,,0.6,,0.5
2/7/25,72.2,13.3,7.9,2479,,2,2.2,1.2
2/8/25,56.8,14.3,9.1,1456,,4.2,,1
2/9/25,66.4,9.9,6.2,4369,,3,,0.7
2/10/25,75.9,4.4,2,7440,,0.6,1.3,0.5
2/11/25,82.7,2.8,,2976,174.3,,2.8,
2/12/25,67.4,1.4,1,2050,,,,0.4
2/13/25,79.9,1.8,1.3,6290,,0.4,,0.2
2/14/25,82.2,4.9,2.6,3718,,0.5,1.5,0.3
2/15/25,74.1,10.9,6,5361,,2,2.3,0.5
2/16/25,75.8,2.9,,8148,181,,2.9,
2/17/25,73.8,10.8,5.2,4414,,2.5,2,1.1
2/18/25,75.9,6,2.9,3721,,1.9,0.7,0.4
2/19/25,88.4,6.6,4.3,6443,,1.6,,0.7
2/20/25,77.9,3.4,3,3717,,0.4,,0
2/21/25,61.7,10.3,6.2,1090,,1.6,1.6,0.8
2/22/25,63.9,10.5,6.5,4442,,2.4,1.2,0.5
2/23/25,62.6,10.8,5.4,2458,183.2,3,1.9,0.6
2/24/25,79.3,7.3,4.6,4181,184,2,,0.8
2/25/25,81.1,2.8,,2940,,,2.8,
2/26/25,82.5,3.1,,5220,,,3.1,
2/27/25,86,,,9068,,,,
2/28/25,76.8,4.9,,3951,179.6,,4.9,
3/1/25,65.3,6.8,4.7,3671,,1.1,,1
3/2/25,69.5,13.7,7,1724,,2.7,2.9,1.1
3/3/25,83.9,3.9,2.4,3378,185.6,1.3,,0.2
3/4/25,83.7,1.8,,7323,182,,1.8,
3/5/25,89.8,0.1,,3783,181.6,,0.1,
3/6/25,83.4,6,5.8,5154,182,0.1,,0.1
3/7/25,79.3,2,,3470,181.4,,2,
3/8/25,75.3,9.2,7.4,3007,,1.1,,0.8
3/9/25,73.7,8.9,7.6,2670,177,0.8,,0.5
3/10/25,81.9,,,4253,177.9,,,
3/11/25,72.5,5,3.9,2693,182,0.4,,0.6
3/12/25,67.1,10.5,7.6,892,183.5,1.4,,1.4
3/13/25,66.5,11,6.8,2885,,3.7,,0.5
3/14/25,72.9,4.7,2.7,1907,,1.1,,0.9
3/15/25,83.1,6.5,5.8,4183,,0.5,,0.1
3/16/25,77.9,5.8,5.1,5402,,0.3,,0.5
3/17/25,69.4,10.1,6.5,2383,184.7,2.4,,1.1
3/18/25,74.9,7.4,1.3,4640,,1.2,4.5,0.4
3/19/25,86,6.8,3.8,3676,186.2,2.2,,0.8
3/20/25,94.9,,,6938,184.3,,,
3/21/25,85.3,6.8,6.3,6188,,0.4,,0
3/22/25,76.6,5.4,4.6,2461,,0.5,,0.3
3/23/25,77.8,4.4,3.5,5245,,0.5,,0.4
3/24/25,73.6,10.9,8.6,2352,,1.8,,0.5
3/25/25,105.4,2,,9622,184,,2,
3/26/25,72.1,13.7,9.1,1936,,2.5,1.9,0.2
3/27/25,66.7,7.5,4.5,2460,,2.5,,0.5
3/28/25,73.6,5.5,2.5,2144,,0.9,1.7,0.4
3/29/25,84.7,3.4,3.3,11057,,,,0.1
3/30/25,66.1,16.1,12,956,,3.2,,0.8
3/31/25,65.5,0.7,0.3,652,,0.4,,
4/1/25,71.9,4.6,3.5,3235,,0.8,,0.2
4/2/25,82.2,3.5,3,7806,,0.2,,0.2
4/3/25,72.1,5,4.4,3694,178.7,0.3,,0.2
4/4/25,78.2,,,5882,179,,,
4/5/25,77.7,12.1,8.2,2556,179.2,3.4,,0.6
4/6/25,83.4,1.2,,8920,180.1,,1.2,
4/7/25,73.5,,,2159,,,,
4/8/25,73.1,,,4555,,,,
4/9/25,81.2,9.4,5.3,8173,182.7,2.8,,1.3
4/10/25,83.7,,,3940,180.3,,,
4/11/25,91.3,,,10626,,,,
4/12/25,93.4,5.1,4.8,12371,,0.2,,0.1
4/13/25,85.6,,,6045,,,,
4/14/25,74.5,11.8,8.6,5197,,1.9,,1.3
4/15/25,71.2,8.7,5.8,3529,,2.6,,0.3
4/16/25,87.4,0.4,0.4,5466,,,,
4/17/25,87.3,6.9,4.6,11142,,1.8,,0.5
4/18/25,78.7,3.8,,5296,,,3.8,
4/19/25,78.9,5,4.7,5710,,,,0.3
4/20/25,89.5,2.7,,13279,,,2.7,
4/21/25,92.1,,,10778,,,,
4/22/25,80.6,,,3723,,,,
4/23/25,86.9,3.8,2.8,7452,,0.3,,0.7
4/24/25,75.4,6.2,3.6,3464,,1.8,,0.8
4/25/25,89.2,,,5511,,,,
4/26/25,68,,,1613,,,,
4/27/25,66,8.7,6.1,4151,,2.2,,0.4
4/28/25,96.9,,,8936,,,,
4/29/25,81.9,1.6,,5249,,,1.6,
4/30/25,91.3,,,12261,183.6,,,
5/1/25,71.4,5.9,5.3,6059,,0.3,,0.3
5/2/25,75.4,5.9,5.5,5667,182,0.3,,0.1
5/3/25,72.8,7,6.5,2533,181.4,0.5,,0.1
5/4/25,78.3,1.8,,5850,,,1.8,
5/5/25,97.9,,,6086,184.2,,,
5/6/25,72.6,1.8,,6918,,,1.8,
5/7/25,76.3,5.4,5.3,4597,,0.1,,0
5/8/25,77.4,4.8,4.2,5519,,0.3,,0.4
5/9/25,76.6,7.8,6.1,6134,,1.4,,0.2
5/10/25,73.9,,,1829,,,,
5/11/25,66.4,12.3,4.8,3516,,1.9,4,1.5
5/12/25,86,6.3,2.8,10163,,1.9,1,0.6
5/13/25,80.6,,,6538,,,,
5/14/25,79.9,3.6,3.1,8721,,,,0.5
5/15/25,78.9,2,,6419,183.5,,2,
5/16/25,83.8,,,7800,,,,
5/17/25,70.6,7.8,4.5,4323,,0.5,2.3,0.6
5/18/25,79.7,,,6784,,,,
5/19/25,87,,,4941,,,,
5/20/25,64.5,11.2,6.5,4006,,3.8,,1
5/21/25,84.6,2.3,1.5,7307,,0.4,,0.3
5/22/25,76.8,6.2,4.8,5001,187.6,1.1,,0.2
5/23/25,85.7,6,3.8,6996,,0.5,1.2,0.4
5/24/25,70.2,8.9,6.2,4862,,1.3,,1.4
5/25/25,76.6,5.9,3.7,6889,,1.2,,0.9
5/26/25,85.5,10.4,8,10621,,1.4,,1
5/27/25,89.5,,,5389,,,,
5/28/25,87.6,,,5587,,,,
5/29/25,77.4,5.2,4.2,1391,,0.5,,0.5
5/30/25,86.4,5.1,,11379,182.8,,5.1,
5/31/25,85.7,,,4920,182.4,,,
6/1/25,78.7,8.2,6.5,7863,,1.5,,0.2
6/2/25,83.8,2.8,,12636,181.2,,2.8,
6/3/25,67,,,1384,,,,
6/4/25,67.8,8.9,5.4,3542,186.2,2.8,,0.8
6/5/25,86.2,4.5,3.3,6522,,0.8,,0.4
6/6/25,76.8,,,4236,,,,
6/7/25,71.8,6.7,5,4380,184.2,0.9,,0.9
6/8/25,105.8,7.5,5,11087,178,1.6,,0.9
6/9/25,91.2,1.6,,6387,,,1.6,
6/10/25,86.9,,,6359,,,,
6/11/25,86.6,,,5045,,,,
6/12/25,73.3,4.3,,4207,,,4.3,
6/13/25,72.8,9.3,5.8,6560,,2.3,,1.1
6/14/25,78.9,9.3,6.6,6359,,1.9,,0.8
6/15/25,74.6,5,3.9,5747,,0.7,,0.4
6/16/25,74.9,4.5,3.9,4881,,0.4,,0.2
6/17/25,77.9,,,3817,,,,
6/18/25,86.2,6.3,5.2,4617,,0.6,,0.5
6/19/25,91.1,2.1,,8452,,,2.1,
6/20/25,97.3,,,6643,,,,
6/21/25,100.5,,,7074,,,,
6/22/25,91.2,,,8428,,,,
6/23/25,88.9,,,7732,186.4,,,
6/24/25,67.4,17,12.3,573,,2.4,,2.3
6/25/25,67.1,10.6,5.9,6446,,3.9,,0.8
6/26/25,89.1,2.4,,4189,,,2.4,
6/27/25,74.7,,,4643,185,,,
6/28/25,77.9,10.3,7.9,5853,,1.7,,0.7
6/29/25,94.7,1.8,,9709,,,1.8,
6/30/25,86.3,2,1.6,4478,,,,0.4
7/1/25,70.8,6.4,4.4,3115,,1.9,,0.1
7/2/25,82.9,6,3.8,10060,,1.6,,0.6
7/3/25,68.5,6,4.3,6017,,1.2,,0.5
7/4/25,63.2,5.9,3.7,1740,,1.6,,0.7
7/5/25,75.8,2.8,,4107,,,2.8,
7/6/25,84.8,9.5,4.7,4010,,2.6,1.3,0.9
7/7/25,79,4.3,3.8,4959,,0.4,,0.2
7/8/25,72.2,4,2.2,2897,,0.2,1,0.6
7/9/25,79.4,,,3593,,,,
7/10/25,85.6,,,4309,,,,
7/11/25,77.7,8.8,5.6,6654,,2.4,,0.8
7/12/25,89.5,5.7,4.5,11265,,0.5,,0.7
7/13/25,80.5,15.4,10.2,3018,,4.5,,0.6
7/14/25,95.7,,,3025,,,,
7/15/25,84.5,,,4009,,,,
7/16/25,75.5,,,3207,,,,
7/17/25,88.5,,,3609,,,,
7/18/25,79.1,5,3.4,7148,,0.9,,0.7
7/19/25,75.5,11.3,6.9,2940,,3.5,,0.9
7/20/25,69.6,1.4,,3168,,,1.4,
7/21/25,76,3.6,2.4,3195,,0.6,,0.5
7/22/25,80.4,5.3,2.7,4822,,1.6,,1.1
7/23/25,75.6,1.1,,4355,,,1.1,
7/24/25,88.1,,,7790,,,,
7/25/25,75.7,7.9,5.5,7275,,1.7,,0.7
7/26/25,76.9,5.6,4.1,9924,,0.8,,0.7
7/27/25,89.4,,,6947,,,,
7/28/25,96.9,,,10148,,,,
7/29/25,96.4,,,16646,,,,
7/30/25,80.5,6.5,5.4,8767,,0.5,,0.6
7/31/25,91.3,,,5463,,,,
8/1/25,89.2,3.3,2.7,14109,,,,0.6
8/2/25,73.9,4.3,,3583,,,4.3,
8/3/25,67.3,7.2,5.4,6687,,1,,0.8
8/4/25,75.5,7.4,4.5,4876,,1.8,,1.1
8/5/25,70.5,6.9,5,2995,,0.3,1.3,0.3
8/6/25,69.9,8.1,2.6,4477,,0.8,4.2,0.5
8/7/25,89.7,,,2544,,,,
8/8/25,76.6,,,3993,,,,
8/9/25,90.1,,,5819,,,,
8/10/25,87.6,1.6,,11967,,,1.6,
8/11/25,94.1,,,1178,,,,
8/12/25,76.4,8,5.3,4400,,1.9,,0.7
8/13/25,75.4,1,,4338,,,1,
8/14/25,63.3,7.3,2.5,5845,,1,2.9,0.9
8/15/25,82.4,1.2,,8368,,,1.2,
8/16/25,90.4,2.2,,8687,,,2.2,
8/17/25,94.3,,,10932,,,,
8/18/25,72,1.8,,6229,,,1.8,
8/19/25,71.5,,,4411,,,,
8/20/25,69.9,5.3,4,4958,,0.6,,0.8
8/21/25,71.1,8.2,4.8,3462,,1,1.5,0.9
8/22/25,77.6,1.4,0.8,5426,,,,0.6
8/23/25,72.6,15.9,9.7,5530,,5,,1.1
8/24/25,88.1,,,6382,,,,
8/25/25,76.1,5.7,4.2,3640,,1,,0.5
8/26/25,81.2,,,3753,,,,
8/27/25,75.9,4.5,3.6,5343,,0.4,,0.6
8/28/25,76.3,7.6,5.7,5581,,1.1,,0.8
8/29/25,67.9,5.2,2.9,3772,,0.5,1.5,0.3
8/30/25,117.2,,,4112,,,,
8/31/25,74.5,3,2.3,4013,,0.5,,0.2
9/1/25,78.7,5.2,3.8,10940,,0.7,,0.7
9/2/25,76.3,,,4256,,,,
9/3/25,77.2,,,3939,,,,
9/4/25,79.4,,,3479,,,,
9/5/25,79.7,7.4,5.9,12298,,1,,0.5
9/6/25,71.4,10.2,7.5,4621,,2.2,,0.6
9/7/25,67.5,2.4,,1370,,,2.4,
9/8/25,72.8,4.7,3.1,4440,,1.1,,0.6
9/9/25,77.5,1.4,1.1,4513,,,,0.3
9/10/25,75.6,5.4,3.9,5896,,1.3,,0.2
9/11/25,73.9,5.6,4.4,4719,,0.7,,0.5
9/12/25,92.5,,,9201,,,,
9/13/25,114.4,,,6112,,,,
9/14/25,76.9,,,9580,,,,
9/15/25,77.9,,,5364,,,,
9/16/25,76.1,,,4659,,,,
9/17/25,73.3,3.4,2.8,4769,,0.4,,0.2
9/18/25,88.9,,,11423,,,,
9/19/25,73.1,,,6318,,,,
9/20/25,72.8,,,3488,,,,
9/21/25,73,,,4555,,,,
9/22/25,79.5,,,8711,,,,
9/23/25,81.3,,,5701,,,,
9/24/25,83,5.2,3.5,7560,,1.2,,0.4
9/25/25,83.1,,,7308,,,,
9/26/25,61.8,3.9,2.8,4541,,0.5,,0.7
9/27/25,102.4,,,1299,,,,
9/28/25,100.5,2.1,,8581,,,2.1,
9/29/25,89.5,,,5823,,,,
9/30/25,70.8,6,5.2,3749,,0.5,,0.3
10/1/25,84.2,,,5963,,,,
10/2/25,73.6,11.5,7.5,6305,,3.5,,0.5
10/3/25,77.3,4.9,3.8,5053,,0.8,,0.4
10/4/25,72.6,8.6,6.8,4688,,1.2,,0.6
10/5/25,94.2,,,4347,,,,
10/6/25,99.7,,,10827,,,,
10/7/25,87.5,,,5047,,,,
10/8/25,73.5,3.5,,7809,,,3.5,
10/9/25,75.4,,,3002,,,,
10/10/25,85.1,,,3425,,,,
10/11/25,73.9,6.7,4.8,7382,,1.2,,0.6
10/12/25,80,,,4377,,,,
10/13/25,80.9,2,,6355,,,2,
10/14/25,81,2.1,,5233,,,2.1,
10/15/25,82.1,,,5500,,,,
10/16/25,72.2,,,3882,,,,
10/17/25,83.5,2.4,,10486,,,2.4,
10/18/25,80.6,,,1574,,,,
10/19/25,72,10.2,6.5,5163,,1.6,1.5,0.7
10/20/25,82.6,,,5035,,,,
10/21/25,82.8,,,4138,184,,,
10/22/25,77.6,2,,6069,,,2,
10/23/25,77.3,,,3943,,,,
10/24/25,78.6,,,3023,186,,,
10/25/25,68.5,10.9,6.1,6707,,2.7,,2.1
10/26/25,90.5,,,5403,,,,
10/27/25,87.8,2.4,,4611,188,,2.4,
10/28/25,88.4,,,5084,183.2,,,
10/29/25,73.6,1.5,,5166,,,1.5,
10/30/25,72.2,7.3,5.5,4216,,1.1,,0.7
10/31/25,77.7,3.2,2.4,5159,,0.3,,0.5
11/1/25,103.3,,,9284,,,,
11/2/25,88.1,,,7815,,,,
11/3/25,83.2,,,5642,185,,,
11/4/25,76.6,,,4190,,,,
11/5/25,74.5,7.8,5.3,2333,,1.6,,0.8
11/6/25,78.8,4.3,2.7,5590,184,0.5,,1.1
11/7/25,71.1,11.7,7,1521,,3.6,,1.1
11/8/25,,,,1475,,,,
11/9/25,74.6,2.5,1.5,3504,,0.5,,0.5
11/10/25,88.9,1.8,1.4,4518,,0.4,,
11/11/25,79.7,,,7208,,,,
11/12/25,81.6,7.5,4.7,5811,,2.4,,0.5
11/13/25,87.6,2.2,,6496,,,2.2,
11/14/25,83.4,3,2.2,6103,183.4,0.4,,0.5
11/15/25,87.2,6.9,4.7,11133,183.2,1.5,,0.8
11/16/25,78.4,0.2,0.2,4530,,,,
11/17/25,89.5,7.6,5,7003,,2,,0.6
11/18/25,82.6,2,,5349,,,2,
11/19/25,79.4,8.1,3.9,5927,,1.7,1.7,0.8
11/20/25,88.2,,,5640,,,,
11/21/25,95.7,,,6925,,,,
11/22/25,80.1,6.7,4.5,12750,,1.7,,0.5
11/23/25,74.4,5.5,2.6,6887,,0.8,1.5,0.7
11/24/25,68.7,9.6,6.4,4904,,2.1,,1.1
11/25/25,81.2,2.8,,766,,,2.8,
11/26/25,95,,,6127,,,,
11/27/25,82.9,4.6,3.3,6127,,0.8,,0.6
11/28/25,79.3,4.9,4.4,8843,,0.4,,0.2
11/29/25,72.2,,,6147,,,,
11/30/25,70.5,11,7.9,6301,,2.7,,0.4
12/1/25,75.2,,,4209,,,,
12/2/25,77.5,4.5,2.6,5819,,0.9,,1
12/3/25,90.2,,,4898,,,,
12/4/25,87.4,7.2,4.6,6026,,2.1,,0.4
12/5/25,99.6,,,8239,,,,
12/6/25,81.4,1.7,,5525,,,1.7,
12/7/25,85.8,,,3131,,,,
12/8/25,80.3,4.9,2.6,8422,,1.7,,0.6
12/9/25,91.3,,,8187,,,,
12/10/25,82.6,4.6,2.8,5186,,1.2,,0.6
12/11/25,87.4,,,4380,,,,
12/12/25,78.8,,,7405,,,,
12/13/25,73.6,2.5,,5289,,,2.5,
12/14/25,66,7,4.7,5373,,1.6,,0.7
12/15/25,78.3,3.9,2.6,12098,,0.8,,0.5
12/16/25,76.4,,,8152,,,,
12/17/25,82.4,4.8,2.8,7182,,1.4,,0.5
12/18/25,78.3,2.5,,4827,,,2.5,
12/19/25,74.3,4.1,2.5,5086,,0.9,,0.7
12/20/25,74,8.3,5.9,9799,,2,,0.4
12/21/25,73.3,7.4,4.9,5877,,1,1.1,0.5
12/22/25,65,10.5,7.1,4304,,2.9,,0.5
12/23/25,85.5,4,2,6193,,0.9,,1
12/24/25,95.9,,,2884,,,,
12/25/25,80.6,5.3,3.5,6184,,0.6,,1.2
12/26/25,88.4,1.2,,15202,,,1.2,
12/27/25,72.8,8.2,6.6,12300,,1.2,,0.4
12/28/25,78.9,,,8178,,,,
12/29/25,69.5,3.4,,5658,,,3.4,
12/30/25,81,,,3713,,,,
12/31/25,76.1,9.5,5.6,6254,,2.2,1,0.8
1/1/26,74.2,7.9,4.2,5063,,2.7,0.5,0.6
1/2/26,78.1,1.5,,6993,,,1.5,
1/3/26,87.3,,,7416,,,,
1/4/26,92.8,,,8994,,,,
1/5/26,88.8,,,5627,,,,
1/6/26,102.7,3.3,1.5,10473,,0.7,,1.1
1/7/26,92,1.8,,8037,,,1.8,
1/8/26,122.4,,,18571,,,,
1/9/26,115,,,14096,,,,
1/10/26,104.2,,,8262,,,,
1/11/26,89.8,,,13837,,,,
1/12/26,71.3,,,9391,,,,
1/13/26,78.1,6.3,4.6,10182,,0.8,,0.8
1/14/26,71,,,1504,,,,
1/15/26,79.6,1.7,,6702,,,1.7,
1/16/26,76.3,,,6139,187.3,,,
1/17/26,127.3,,,14546,,,,
1/18/26,80.4,,,10100,,,,
1/19/26,,,,3081,,,,
1/20/26,,,,1146,,,,
1/21/26,75.3,,,3339,,,,
1/22/26,96.9,,,4924,187.6,,,
1/23/26,,,,1810,183.6,,,
1/24/26,143.8,,,17911,,,,
1/25/26,141,,,4582,,,,
1/26/26,90.6,1.1,,7394,182.9,,1.1,
1/27/26,82.2,,,5865,,,,
1/28/26,144.5,,,10774,181.6,,,
1/29/26,77.9,4.3,2.5,9469,,1.2,,0.6
1/30/26,74.2,9.7,6.7,8163,183.4,2,,1
1/31/26,76.2,3,,8516,,,3,
2/1/26,82.6,,,4548,183.6,,,
2/2/26,102.9,,,9926,182.3,,,
2/3/26,81,4.8,3.5,6978,,1.2,,0.1
2/4/26,78.3,1,,2826,179.6,,1,
2/5/26,85.6,,,6249,180.7,,,
2/6/26,72,9.7,6.7,5225,,2.4,,0.6
2/7/26,93.1,,,8006,,,,
2/8/26,78.6,,,4936,,,,
2/9/26,73,9.5,6.6,8227,,2.5,,0.5
2/10/26,98.2,,,3955,,,,